{
  "collapse-filter": true,
  "search": "",
  "showTags": false,
  "showAttachments": false,
  "hideUnresolved": false,
  "showOrphans": true,
  "collapse-color-groups": true,
  "colorGroups": [],
  "collapse-display": false,
  "showArrow": false,
  "textFadeMultiplier": -1.1,
  "nodeSizeMultiplier": 1.35961970433056,
  "lineSizeMultiplier": 3.35821971477825,
  "collapse-forces": false,
  "centerStrength": 0.467690539622839,
  "repelStrength": 10,
  "linkStrength": 1,
  "linkDistance": 250,
  "scale": 0.6873403235106941,
  "close": true
}