{
  "main": {
    "id": "562b5c2927cc1310",
    "type": "split",
    "children": [
      {
        "id": "3a505576e877182f",
        "type": "tabs",
        "children": [
          {
            "id": "35b28006e62335d3",
            "type": "leaf",
            "state": {
              "type": "markdown",
              "state": {
                "file": "Untitled.md",
                "mode": "source",
                "source": false
              }
            }
          }
        ]
      }
    ],
    "direction": "vertical"
  },
  "left": {
    "id": "9d3a8b5f17f20506",
    "type": "split",
    "children": [
      {
        "id": "af39fa28b2bd7b49",
        "type": "tabs",
        "children": [
          {
            "id": "b3bd3f918e15e562",
            "type": "leaf",
            "state": {
              "type": "file-explorer",
              "state": {
                "sortOrder": "alphabetical"
              }
            }
          },
          {
            "id": "ae7ed96bae8b6f62",
            "type": "leaf",
            "state": {
              "type": "search",
              "state": {
                "query": "tag:#React-router-dom",
                "matchingCase": false,
                "explainSearch": false,
                "collapseAll": false,
                "extraContext": false,
                "sortOrder": "alphabetical"
              }
            }
          }
        ]
      }
    ],
    "direction": "horizontal",
    "width": 219.5
  },
  "right": {
    "id": "72795d9a196de13a",
    "type": "split",
    "children": [
      {
        "id": "85310ce651f85681",
        "type": "tabs",
        "children": [
          {
            "id": "6a8ce96560c6eac0",
            "type": "leaf",
            "state": {
              "type": "backlink",
              "state": {
                "file": "Untitled.md",
                "collapseAll": false,
                "extraContext": false,
                "sortOrder": "alphabetical",
                "showSearch": false,
                "searchQuery": "",
                "backlinkCollapsed": false,
                "unlinkedCollapsed": true
              }
            }
          }
        ]
      }
    ],
    "direction": "horizontal",
    "width": 300,
    "collapsed": true
  },
  "left-ribbon": {
    "hiddenItems": {
      "switcher:Open quick switcher": false,
      "graph:Open graph view": false,
      "canvas:Create new canvas": false,
      "command-palette:Open command palette": false,
      "markdown-importer:Open format converter": false
    }
  },
  "active": "35b28006e62335d3",
  "lastOpenFiles": [
    "Untitled.md",
    "CSS",
    "javascript/console.log().md",
    "React/reactRouter/main Route.md",
    "React/reactRouter/ReactRouter-Outlet.md",
    "React/reactRouter/ReactRouter.md",
    "Html/space&{}sp;.md",
    "javascript/Array.md",
    "javascript/Array of ....md",
    "React/varvariable more use.md",
    "React/React.useState.md",
    "React/startReact.md"
  ]
}